"Occupation Title","Occupation Code","Occupation Type","2023 Employment","2023 Percent of Industry","2023 Percent of Occupation","Projected 2033 Employment","Projected 2033 Percent of Industry","Projected 2033 Percent of Occupation","Employment Change, 2023-2033","Employment Percent Change, 2023-2033","Occupation Sort","Display Level"
"Total, all occupations","=""00-0000""","Summary","1,660.1","100.0","1.0","1,735.1","100.0","1.0","75.0","4.5","","0"
"Management occupations","=""11-0000""","Summary","175.3","10.6","1.3","186.3","10.7","1.3","11.0","6.3","2","1"
"Top executives","=""11-1000""","Summary","58.4","3.5","1.5","61.5","3.5","1.5","3.0","5.2","3","2"
"Chief executives","=""11-1011""","Line Item","3.0","0.2","1.0","3.2","0.2","1.0","0.2","5.3","4","3"
"General and operations managers","=""11-1021""","Line Item","55.4","3.3","1.5","58.3","3.4","1.5","2.9","5.2","5","3"
"Advertising, marketing, promotions, public relations, and sales managers","=""11-2000""","Summary","11.2","0.7","1.0","11.8","0.7","1.0","0.6","5.1","7","2"
"Marketing and sales managers","=""11-2020""","Summary","10.7","0.6","1.1","11.3","0.7","1.1","0.6","5.2","9","3"
"Marketing managers","=""11-2021""","Line Item","5.8","0.3","1.5","6.1","0.4","1.4","0.3","5.0","10","4"
"Sales managers","=""11-2022""","Line Item","4.9","0.3","0.8","5.2","0.3","0.8","0.3","5.4","11","4"
"Public relations and fundraising managers","=""11-2030""","Summary","0.5","0.0","0.4","0.5","0.0","0.4","0.0","5.2","12","3"
"Public relations managers","=""11-2032""","Line Item","0.4","0.0","0.6","0.5","0.0","0.5","0.0","5.3","13","4"
"Operations specialties managers","=""11-3000""","Summary","27.9","1.7","1.1","30.7","1.8","1.0","2.8","9.9","15","2"
"Administrative services and facilities managers","=""11-3010""","Summary","4.2","0.3","1.1","4.4","0.3","1.1","0.2","5.3","16","3"
"Administrative services managers","=""11-3012""","Line Item","3.4","0.2","1.3","3.5","0.2","1.3","0.2","5.2","17","4"
"Facilities managers","=""11-3013""","Line Item","0.8","0.1","0.6","0.9","0.1","0.6","0.0","5.4","18","4"
"Computer and information systems managers","=""11-3021""","Line Item","8.2","0.5","1.3","9.2","0.5","1.3","1.0","12.8","19","3"
"Financial managers","=""11-3031""","Line Item","6.6","0.4","0.8","7.6","0.4","0.8","1.0","15.7","20","3"
"Industrial production managers","=""11-3051""","Line Item","3.2","0.2","1.4","3.4","0.2","1.4","0.2","5.4","21","3"
"Purchasing managers","=""11-3061""","Line Item","1.4","0.1","1.8","1.5","0.1","1.8","0.1","5.4","22","3"
"Transportation, storage, and distribution managers","=""11-3071""","Line Item","1.2","0.1","0.6","1.3","0.1","0.5","0.1","5.5","23","3"
"Compensation and benefits managers","=""11-3111""","Line Item","0.1","0.0","0.7","0.1","0.0","0.7","0.0","0.1","24","3"
"Human resources managers","=""11-3121""","Line Item","2.8","0.2","1.3","2.9","0.2","1.3","0.1","5.3","25","3"
"Training and development managers","=""11-3131""","Line Item","0.2","0.0","0.6","0.3","0.0","0.5","0.0","5.4","26","3"
"Other management occupations","=""11-9000""","Summary","77.7","4.7","1.4","82.3","4.7","1.4","4.6","5.9","27","2"
"Construction managers","=""11-9021""","Line Item","10.0","0.6","1.9","11.0","0.6","1.9","1.0","10.4","29","3"
"Education and childcare administrators","=""11-9030""","Summary","0.1","0.0","0.0","0.1","0.0","0.0","0.0","4.8","30","3"
"Education administrators, all other","=""11-9039""","Line Item","0.1","0.0","0.1","0.1","0.0","0.1","0.0","4.8","34","4"
"Architectural and engineering managers","=""11-9041""","Line Item","54.9","3.3","26.1","57.7","3.3","26.0","2.8","5.1","35","3"
"Medical and health services managers","=""11-9111""","Line Item","0.2","0.0","0.0","0.3","0.0","0.0","0.1","26.4","41","3"
"Natural sciences managers","=""11-9121""","Line Item","3.3","0.2","3.3","3.5","0.2","3.3","0.2","5.4","42","3"
"Property, real estate, and community association managers","=""11-9141""","Line Item","0.3","0.0","0.1","0.3","0.0","0.1","0.0","5.4","44","3"
"Managers, all other","=""11-9199""","Line Item","8.8","0.5","0.7","9.3","0.5","0.7","0.5","5.2","50","3"
"Business and financial operations occupations","=""13-0000""","Summary","196.9","11.9","1.8","208.1","12.0","1.8","11.2","5.7","51","1"
"Business operations specialists","=""13-1000""","Summary","170.9","10.3","2.2","180.8","10.4","2.2","9.9","5.8","52","2"
"Buyers and purchasing agents","=""13-1020""","Line Item","6.9","0.4","1.3","7.7","0.4","1.4","0.7","10.7","54","3"
"Claims adjusters, appraisers, examiners, and investigators","=""13-1030""","Summary","0.1","0.0","0.0","0.1","0.0","0.0","0.0","-5.3","55","3"
"Claims adjusters, examiners, and investigators","=""13-1031""","Line Item","0.1","0.0","0.0","0.1","0.0","0.0","0.0","-5.3","56","4"
"Compliance officers","=""13-1041""","Line Item","4.3","0.3","1.1","4.5","0.3","1.1","0.2","5.1","58","3"
"Cost estimators","=""13-1051""","Line Item","4.6","0.3","2.0","4.5","0.3","2.0","-0.1","-3.1","59","3"
"Human resources workers","=""13-1070""","Summary","12.6","0.8","1.3","13.3","0.8","1.2","0.7","5.3","60","3"
"Human resources specialists","=""13-1071""","Line Item","12.5","0.8","1.3","13.2","0.8","1.3","0.7","5.3","61","4"
"Labor relations specialists","=""13-1075""","Line Item","0.1","0.0","0.1","0.1","0.0","0.1","0.0","3.4","63","4"
"Logisticians and project management specialists","=""13-1080""","Summary","94.1","5.7","7.8","99.8","5.8","7.5","5.7","6.1","64","3"
"Logisticians","=""13-1081""","Line Item","7.5","0.4","3.1","8.8","0.5","3.1","1.4","18.2","65","4"
"Project management specialists","=""13-1082""","Line Item","86.6","5.2","8.9","91.0","5.2","8.7","4.4","5.0","66","4"
"Management analysts","=""13-1111""","Line Item","12.6","0.8","1.2","13.3","0.8","1.2","0.7","5.4","67","3"
"Meeting, convention, and event planners","=""13-1121""","Line Item","0.2","0.0","0.1","0.2","0.0","0.1","0.0","5.2","68","3"
"Fundraisers","=""13-1131""","Line Item","0.1","0.0","0.1","0.1","0.0","0.1","0.0","4.7","69","3"
"Compensation, benefits, and job analysis specialists","=""13-1141""","Line Item","0.5","0.0","0.5","0.6","0.0","0.5","0.0","5.4","70","3"
"Training and development specialists","=""13-1151""","Line Item","3.8","0.2","0.9","4.2","0.2","0.9","0.4","10.7","71","3"
"Market research analysts and marketing specialists","=""13-1161""","Line Item","14.5","0.9","1.6","15.2","0.9","1.5","0.7","4.9","72","3"
"Business operations specialists, all other","=""13-1199""","Line Item","16.6","1.0","1.4","17.5","1.0","1.4","0.9","5.3","73","3"
"Financial specialists","=""13-2000""","Summary","26.0","1.6","0.8","27.3","1.6","0.8","1.3","5.2","74","2"
"Accountants and auditors","=""13-2011""","Line Item","21.4","1.3","1.4","22.5","1.3","1.4","1.1","5.1","75","3"
"Property appraisers and assessors","=""13-2020""","Line Item","0.3","0.0","0.3","0.3","0.0","0.3","0.0","5.6","76","3"
"Budget analysts","=""13-2031""","Line Item","0.8","0.0","1.6","0.8","0.0","1.6","0.0","5.6","77","3"
"Credit analysts","=""13-2041""","Line Item","0.1","0.0","0.1","0.1","0.0","0.1","0.0","-5.0","78","3"
"Financial analysts and advisors","=""13-2050""","Summary","3.0","0.2","0.4","3.2","0.2","0.3","0.2","5.5","79","3"
"Financial and investment analysts","=""13-2051""","Line Item","2.9","0.2","0.8","3.0","0.2","0.8","0.2","5.5","80","4"
"Financial risk specialists","=""13-2054""","Line Item","0.1","0.0","0.2","0.1","0.0","0.2","0.0","5.5","83","4"
"Financial specialists, all other","=""13-2099""","Line Item","0.5","0.0","0.3","0.5","0.0","0.3","0.0","5.3","91","3"
"Computer and mathematical occupations","=""15-0000""","Summary","107.9","6.5","2.0","116.8","6.7","1.9","8.9","8.2","92","1"
"Computer occupations","=""15-1200""","Summary","101.5","6.1","2.0","108.6","6.3","1.9","7.1","7.0","93","2"
"Computer and information analysts","=""15-1210""","Summary","16.1","1.0","2.3","18.1","1.0","2.2","2.0","12.6","94","3"
"Computer systems analysts","=""15-1211""","Line Item","10.4","0.6","2.0","11.0","0.6","1.9","0.6","5.5","95","4"
"Information security analysts","=""15-1212""","Line Item","5.7","0.3","3.2","7.2","0.4","3.0","1.5","25.6","96","4"
"Computer and information research scientists","=""15-1221""","Line Item","0.7","0.0","2.0","0.9","0.1","1.9","0.2","21.4","97","3"
"Computer support specialists","=""15-1230""","Summary","10.8","0.6","1.2","10.8","0.6","1.1","0.0","0.3","98","3"
"Computer network support specialists","=""15-1231""","Line Item","2.1","0.1","1.3","2.2","0.1","1.2","0.1","5.3","99","4"
"Computer user support specialists","=""15-1232""","Line Item","8.7","0.5","1.2","8.6","0.5","1.1","-0.1","-1.0","100","4"
"Database and network administrators and architects","=""15-1240""","Summary","17.3","1.0","2.6","17.4","1.0","2.5","0.1","0.6","101","3"
"Computer network architects","=""15-1241""","Line Item","4.8","0.3","2.7","5.3","0.3","2.6","0.5","10.8","102","4"
"Database administrators","=""15-1242""","Line Item","1.4","0.1","1.7","1.5","0.1","1.7","0.1","5.5","103","4"
"Database architects","=""15-1243""","Line Item","0.8","0.0","1.3","0.8","0.0","1.2","0.0","5.5","104","4"
"Network and computer systems administrators","=""15-1244""","Line Item","10.3","0.6","3.1","9.8","0.6","3.0","-0.5","-5.1","105","4"
"Software and web developers, programmers, and testers","=""15-1250""","Summary","46.8","2.8","2.1","51.1","2.9","2.0","4.3","9.1","106","3"
"Computer programmers","=""15-1251""","Line Item","1.7","0.1","1.2","1.5","0.1","1.2","-0.2","-13.5","107","4"
"Software developers","=""15-1252""","Line Item","38.5","2.3","2.3","42.7","2.5","2.1","4.2","10.8","108","4"
"Software quality assurance analysts and testers","=""15-1253""","Line Item","4.8","0.3","2.3","5.0","0.3","2.2","0.3","5.5","109","4"
"Web developers","=""15-1254""","Line Item","0.5","0.0","0.5","0.5","0.0","0.5","0.0","5.5","110","4"
"Web and digital interface designers","=""15-1255""","Line Item","1.3","0.1","1.0","1.3","0.1","1.0","0.1","5.1","111","4"
"Computer occupations, all other","=""15-1299""","Line Item","9.8","0.6","2.1","10.3","0.6","2.0","0.5","5.5","112","3"
"Mathematical science occupations","=""15-2000""","Summary","6.5","0.4","1.6","8.2","0.5","1.6","1.8","27.2","113","2"
"Mathematicians","=""15-2021""","Line Item","0.1","0.0","3.1","0.1","0.0","3.2","0.0","5.4","115","3"
"Operations research analysts","=""15-2031""","Line Item","1.8","0.1","1.5","2.2","0.1","1.5","0.4","21.4","116","3"
"Statisticians","=""15-2041""","Line Item","0.3","0.0","1.0","0.4","0.0","1.0","0.0","10.7","117","3"
"Data scientists","=""15-2051""","Line Item","4.1","0.2","2.0","5.5","0.3","2.0","1.3","31.8","118","3"
"Architecture and engineering occupations","=""17-0000""","Summary","734.4","44.2","27.8","771.2","44.4","27.3","36.8","5.0","120","1"
"Architects, surveyors, and cartographers","=""17-1000""","Summary","147.8","8.9","68.0","158.5","9.1","68.2","10.7","7.2","121","2"
"Architects, except naval","=""17-1010""","Summary","107.1","6.4","70.5","115.4","6.7","70.8","8.3","7.8","122","3"
"Architects, except landscape and naval","=""17-1011""","Line Item","95.8","5.8","75.3","103.7","6.0","75.6","7.9","8.3","123","4"
"Landscape architects","=""17-1012""","Line Item","11.2","0.7","45.6","11.7","0.7","45.1","0.4","3.7","124","4"
"Surveyors, cartographers, and photogrammetrists","=""17-1020""","Summary","40.7","2.5","62.2","43.1","2.5","62.0","2.3","5.7","125","3"
"Cartographers and photogrammetrists","=""17-1021""","Line Item","2.3","0.1","17.8","2.4","0.1","17.8","0.1","5.7","126","4"
"Surveyors","=""17-1022""","Line Item","38.4","2.3","73.0","40.6","2.3","72.9","2.2","5.7","127","4"
"Engineers","=""17-2000""","Summary","369.2","22.2","21.0","391.5","22.6","20.5","22.3","6.0","128","2"
"Aerospace engineers","=""17-2011""","Line Item","10.2","0.6","14.8","10.8","0.6","14.8","0.6","5.5","129","3"
"Agricultural engineers","=""17-2021""","Line Item","0.1","0.0","4.5","0.1","0.0","4.4","0.0","5.5","130","3"
"Bioengineers and biomedical engineers","=""17-2031""","Line Item","0.8","0.0","4.0","0.8","0.0","3.9","0.0","5.5","131","3"
"Chemical engineers","=""17-2041""","Line Item","3.1","0.2","14.4","3.3","0.2","13.9","0.2","5.5","132","3"
"Civil engineers","=""17-2051""","Line Item","176.3","10.6","51.6","186.0","10.7","51.1","9.7","5.5","133","3"
"Computer hardware engineers","=""17-2061""","Line Item","5.3","0.3","6.3","5.6","0.3","6.2","0.3","5.5","134","3"
"Electrical and electronics engineers","=""17-2070""","Summary","48.6","2.9","16.9","52.5","3.0","16.7","3.9","8.1","135","3"
"Electrical engineers","=""17-2071""","Line Item","40.4","2.4","21.4","43.9","2.5","21.3","3.5","8.6","136","4"
"Electronics engineers, except computer","=""17-2072""","Line Item","8.2","0.5","8.3","8.6","0.5","8.0","0.5","5.5","137","4"
"Environmental engineers","=""17-2081""","Line Item","10.9","0.7","26.5","11.5","0.7","26.1","0.6","5.6","138","3"
"Industrial engineers, including health and safety","=""17-2110""","Summary","26.5","1.6","7.4","28.3","1.6","7.0","1.7","6.5","139","3"
"Health and safety engineers, except mining safety engineers and inspectors","=""17-2111""","Line Item","3.0","0.2","13.1","3.2","0.2","13.1","0.2","5.5","140","4"
"Industrial engineers","=""17-2112""","Line Item","23.5","1.4","7.0","25.1","1.4","6.6","1.6","6.6","141","4"
"Marine engineers and naval architects","=""17-2121""","Line Item","2.0","0.1","19.9","2.1","0.1","19.4","0.1","5.4","142","3"
"Materials engineers","=""17-2131""","Line Item","3.4","0.2","13.6","3.6","0.2","13.3","0.2","5.4","143","3"
"Mechanical engineers","=""17-2141""","Line Item","59.2","3.6","20.3","62.9","3.6","19.4","3.7","6.3","144","3"
"Mining and geological engineers, including mining safety engineers","=""17-2151""","Line Item","2.6","0.2","35.9","2.7","0.2","37.1","0.1","5.5","145","3"
"Nuclear engineers","=""17-2161""","Line Item","1.4","0.1","10.1","1.4","0.1","10.8","0.1","5.5","146","3"
"Petroleum engineers","=""17-2171""","Line Item","1.7","0.1","8.0","1.7","0.1","8.2","0.1","5.5","147","3"
"Engineers, all other","=""17-2199""","Line Item","17.1","1.0","10.6","18.0","1.0","10.7","0.9","5.5","148","3"
"Drafters, engineering technicians, and mapping technicians","=""17-3000""","Summary","217.4","13.1","32.6","221.3","12.8","32.5","3.9","1.8","149","2"
"Drafters","=""17-3010""","Summary","100.6","6.1","49.2","99.7","5.7","49.1","-0.9","-0.9","150","3"
"Architectural and civil drafters","=""17-3011""","Line Item","80.6","4.9","71.8","80.4","4.6","70.8","-0.2","-0.3","151","4"
"Electrical and electronics drafters","=""17-3012""","Line Item","6.4","0.4","27.7","6.5","0.4","26.7","0.0","0.5","152","4"
"Mechanical drafters","=""17-3013""","Line Item","9.8","0.6","19.4","9.3","0.5","19.3","-0.5","-5.1","153","4"
"Drafters, all other","=""17-3019""","Line Item","3.8","0.2","20.6","3.6","0.2","20.7","-0.2","-5.3","154","4"
"Engineering technologists and technicians, except drafters","=""17-3020""","Summary","82.0","4.9","20.3","84.7","4.9","20.3","2.7","3.3","155","3"
"Aerospace engineering and operations technologists and technicians","=""17-3021""","Line Item","2.7","0.2","24.6","3.1","0.2","26.5","0.4","16.0","156","4"
"Civil engineering technologists and technicians","=""17-3022""","Line Item","31.2","1.9","47.3","31.3","1.8","46.6","0.1","0.2","157","4"
"Electrical and electronic engineering technologists and technicians","=""17-3023""","Line Item","12.5","0.8","12.6","13.2","0.8","12.9","0.7","5.5","158","4"
"Electro-mechanical and mechatronics technologists and technicians","=""17-3024""","Line Item","1.9","0.1","12.4","1.9","0.1","12.3","0.0","-1.9","159","4"
"Environmental engineering technologists and technicians","=""17-3025""","Line Item","5.7","0.3","40.3","5.8","0.3","39.9","0.1","1.3","160","4"
"Industrial engineering technologists and technicians","=""17-3026""","Line Item","4.8","0.3","6.4","5.1","0.3","6.5","0.3","5.5","161","4"
"Mechanical engineering technologists and technicians","=""17-3027""","Line Item","7.8","0.5","19.5","8.2","0.5","20.2","0.4","5.4","162","4"
"Calibration technologists and technicians","=""17-3028""","Line Item","3.4","0.2","24.5","3.6","0.2","24.4","0.2","5.3","163","4"
"Engineering technologists and technicians, except drafters, all other","=""17-3029""","Line Item","11.9","0.7","17.1","12.5","0.7","17.3","0.6","5.4","164","4"
"Surveying and mapping technicians","=""17-3031""","Line Item","34.8","2.1","60.7","36.8","2.1","60.8","2.0","5.8","165","3"
"Life, physical, and social science occupations","=""19-0000""","Summary","82.9","5.0","5.3","87.8","5.1","5.2","4.9","5.9","166","1"
"Life scientists","=""19-1000""","Summary","8.7","0.5","2.2","9.2","0.5","2.2","0.5","5.3","167","2"
"Agricultural and food scientists","=""19-1010""","Summary","2.0","0.1","5.4","2.1","0.1","5.3","0.1","5.3","168","3"
"Food scientists and technologists","=""19-1012""","Line Item","1.2","0.1","8.6","1.3","0.1","8.3","0.1","5.3","170","4"
"Soil and plant scientists","=""19-1013""","Line Item","0.7","0.0","3.7","0.8","0.0","3.6","0.0","5.4","171","4"
"Biological scientists","=""19-1020""","Summary","5.1","0.3","3.5","5.3","0.3","3.5","0.3","5.3","172","3"
"Biochemists and biophysicists","=""19-1021""","Line Item","1.0","0.1","2.9","1.1","0.1","2.8","0.1","5.3","173","4"
"Microbiologists","=""19-1022""","Line Item","1.9","0.1","8.4","2.0","0.1","8.3","0.1","5.3","174","4"
"Zoologists and wildlife biologists","=""19-1023""","Line Item","0.4","0.0","1.9","0.4","0.0","2.0","0.0","5.5","175","4"
"Biological scientists, all other","=""19-1029""","Line Item","1.7","0.1","2.6","1.8","0.1","2.6","0.1","5.3","176","4"
"Conservation scientists and foresters","=""19-1030""","Summary","0.5","0.0","1.2","0.5","0.0","1.3","0.0","5.5","177","3"
"Conservation scientists","=""19-1031""","Line Item","0.5","0.0","2.0","0.5","0.0","2.0","0.0","5.5","178","4"
"Medical scientists","=""19-1040""","Summary","1.0","0.1","0.6","1.0","0.1","0.6","0.1","5.3","180","3"
"Medical scientists, except epidemiologists","=""19-1042""","Line Item","1.0","0.1","0.7","1.0","0.1","0.6","0.1","5.3","182","4"
"Life scientists, all other","=""19-1099""","Line Item","0.2","0.0","2.1","0.2","0.0","2.0","0.0","5.3","183","3"
"Physical scientists","=""19-2000""","Summary","32.3","1.9","11.5","34.1","2.0","11.4","1.9","5.8","184","2"
"Astronomers and physicists","=""19-2010""","Summary","0.7","0.0","2.8","0.7","0.0","2.8","0.0","5.5","185","3"
"Physicists","=""19-2012""","Line Item","0.7","0.0","3.1","0.7","0.0","3.1","0.0","5.5","187","4"
"Atmospheric and space scientists","=""19-2021""","Line Item","0.2","0.0","1.9","0.2","0.0","1.9","0.0","5.4","188","3"
"Chemists and materials scientists","=""19-2030""","Summary","9.4","0.6","9.8","9.9","0.6","9.6","0.5","5.3","189","3"
"Chemists","=""19-2031""","Line Item","8.9","0.5","10.2","9.3","0.5","9.9","0.5","5.3","190","4"
"Materials scientists","=""19-2032""","Line Item","0.6","0.0","6.1","0.6","0.0","5.9","0.0","5.3","191","4"
"Environmental scientists and geoscientists","=""19-2040""","Summary","21.3","1.3","18.2","22.6","1.3","18.1","1.3","6.1","192","3"
"Environmental scientists and specialists, including health","=""19-2041""","Line Item","11.6","0.7","13.8","12.4","0.7","13.7","0.8","6.5","193","4"
"Geoscientists, except hydrologists and geographers","=""19-2042""","Line Item","8.6","0.5","33.2","9.1","0.5","33.3","0.5","5.6","194","4"
"Hydrologists","=""19-2043""","Line Item","1.0","0.1","15.2","1.0","0.1","15.6","0.1","5.5","195","4"
"Physical scientists, all other","=""19-2099""","Line Item","0.7","0.0","2.1","0.8","0.0","2.2","0.0","5.5","196","3"
"Social scientists and related workers","=""19-3000""","Summary","5.6","0.3","1.6","5.8","0.3","1.6","0.3","4.8","197","2"
"Economists","=""19-3011""","Line Item","0.3","0.0","1.6","0.3","0.0","1.6","0.0","5.5","198","3"
"Survey researchers","=""19-3022""","Line Item","0.1","0.0","0.5","0.0","0.0","0.5","0.0","-5.0","199","3"
"Urban and regional planners","=""19-3051""","Line Item","4.0","0.2","8.9","4.2","0.2","9.0","0.2","4.7","206","3"
"Miscellaneous social scientists and related workers","=""19-3090""","Summary","1.2","0.1","2.0","1.2","0.1","2.0","0.1","5.3","207","3"
"Anthropologists and archeologists","=""19-3091""","Line Item","0.6","0.0","7.3","0.7","0.0","7.2","0.0","5.3","208","4"
"Historians","=""19-3093""","Line Item","0.1","0.0","2.1","0.1","0.0","2.1","0.0","4.3","210","4"
"Social scientists and related workers, all other","=""19-3099""","Line Item","0.5","0.0","1.2","0.5","0.0","1.2","0.0","5.5","212","4"
"Life, physical, and social science technicians","=""19-4000""","Summary","33.3","2.0","8.1","35.1","2.0","8.1","1.8","5.5","213","2"
"Agricultural and food science technicians","=""19-4010""","Summary","2.0","0.1","4.4","2.1","0.1","4.4","0.1","5.3","214","3"
"Agricultural technicians","=""19-4012""","Line Item","1.2","0.1","6.0","1.2","0.1","5.9","0.1","5.3","215","4"
"Food science technicians","=""19-4013""","Line Item","0.8","0.0","3.2","0.8","0.0","3.1","0.0","5.3","216","4"
"Biological technicians","=""19-4021""","Line Item","3.0","0.2","3.6","3.2","0.2","3.6","0.2","5.3","217","3"
"Chemical technicians","=""19-4031""","Line Item","11.7","0.7","20.1","12.4","0.7","20.1","0.6","5.3","218","3"
"Environmental science and geoscience technicians","=""19-4040""","Summary","12.4","0.7","26.7","13.0","0.8","26.6","0.7","5.4","219","3"
"Environmental science and protection technicians, including health","=""19-4042""","Line Item","7.4","0.4","21.8","7.8","0.4","21.5","0.4","5.4","220","4"
"Geological technicians, except hydrologic technicians","=""19-4043""","Line Item","4.7","0.3","50.8","4.9","0.3","51.6","0.3","5.5","221","4"
"Hydrologic technicians","=""19-4044""","Line Item","0.3","0.0","10.2","0.3","0.0","10.5","0.0","5.4","222","4"
"Nuclear technicians","=""19-4051""","Line Item","0.2","0.0","3.4","0.2","0.0","3.8","0.0","5.4","223","3"
"Forest and conservation technicians","=""19-4071""","Line Item","0.1","0.0","0.3","0.1","0.0","0.3","0.0","4.9","225","3"
"Miscellaneous life, physical, and social science technicians","=""19-4090""","Summary","3.8","0.2","3.7","4.1","0.2","3.7","0.3","7.0","226","3"
"Forensic science technicians","=""19-4092""","Line Item","0.7","0.0","3.7","0.8","0.0","3.7","0.1","14.8","227","4"
"Life, physical, and social science technicians, all other","=""19-4099""","Line Item","3.1","0.2","3.8","3.3","0.2","3.8","0.2","5.3","228","4"
"Occupational health and safety specialists and technicians","=""19-5000""","Summary","3.1","0.2","2.0","3.6","0.2","2.0","0.5","15.5","229","2"
"Occupational health and safety specialists","=""19-5011""","Line Item","2.5","0.2","2.0","2.9","0.2","2.0","0.4","17.1","230","3"
"Occupational health and safety technicians","=""19-5012""","Line Item","0.6","0.0","2.0","0.6","0.0","2.0","0.0","8.6","231","3"
"Community and social service occupations","=""21-0000""","Summary","0.1","0.0","0.0","0.1","0.0","0.0","0.0","5.5","232","1"
"Counselors, social workers, and other community and social service specialists","=""21-1000""","Summary","0.1","0.0","0.0","0.1","0.0","0.0","0.0","5.5","233","2"
"Counselors","=""21-1010""","Summary","0.1","0.0","0.0","0.1","0.0","0.0","0.0","5.5","234","3"
"Legal occupations","=""23-0000""","Summary","2.3","0.1","0.2","2.5","0.1","0.2","0.1","4.7","255","1"
"Lawyers, judges, and related workers","=""23-1000""","Summary","1.6","0.1","0.2","1.7","0.1","0.2","0.1","5.4","256","2"
"Lawyers and judicial law clerks","=""23-1010""","Summary","1.6","0.1","0.2","1.7","0.1","0.2","0.1","5.4","257","3"
"Lawyers","=""23-1011""","Line Item","1.6","0.1","0.2","1.7","0.1","0.2","0.1","5.4","258","4"
"Legal support workers","=""23-2000""","Summary","0.7","0.0","0.2","0.7","0.0","0.2","0.0","2.9","264","2"
"Paralegals and legal assistants","=""23-2011""","Line Item","0.4","0.0","0.1","0.4","0.0","0.1","0.0","1.2","265","3"
"Miscellaneous legal support workers","=""23-2090""","Summary","0.3","0.0","0.3","0.3","0.0","0.3","0.0","5.6","266","3"
"Title examiners, abstractors, and searchers","=""23-2093""","Line Item","0.2","0.0","0.4","0.3","0.0","0.4","0.0","5.7","267","4"
"Educational instruction and library occupations","=""25-0000""","Summary","0.7","0.0","0.0","0.7","0.0","0.0","0.0","5.4","269","1"
"Other teachers and instructors","=""25-3000""","Summary","0.3","0.0","0.0","0.3","0.0","0.0","0.0","5.5","335","2"
"Librarians, curators, and archivists","=""25-4000""","Summary","0.1","0.0","0.0","0.1","0.0","0.0","0.0","4.9","341","2"
"Librarians and media collections specialists","=""25-4022""","Line Item","0.1","0.0","0.1","0.1","0.0","0.1","0.0","4.7","346","3"
"Arts, design, entertainment, sports, and media occupations","=""27-0000""","Summary","26.9","1.6","0.9","27.8","1.6","0.9","0.9","3.4","355","1"
"Art and design workers","=""27-1000""","Summary","20.8","1.3","2.2","21.6","1.2","2.2","0.7","3.6","356","2"
"Artists and related workers","=""27-1010""","Summary","0.8","0.0","0.3","0.8","0.0","0.3","0.0","4.6","357","3"
"Art directors","=""27-1011""","Line Item","0.2","0.0","0.2","0.3","0.0","0.2","0.0","3.6","358","4"
"Fine artists, including painters, sculptors, and illustrators","=""27-1013""","Line Item","0.1","0.0","0.3","0.1","0.0","0.3","0.0","5.2","360","4"
"Special effects artists and animators","=""27-1014""","Line Item","0.4","0.0","0.5","0.4","0.0","0.5","0.0","5.1","361","4"
"Artists and related workers, all other","=""27-1019""","Line Item","0.1","0.0","0.4","0.1","0.0","0.4","0.0","4.9","362","4"
"Designers","=""27-1020""","Summary","20.1","1.2","2.8","20.8","1.2","2.9","0.7","3.6","363","3"
"Commercial and industrial designers","=""27-1021""","Line Item","2.5","0.2","7.4","2.6","0.2","7.5","0.1","5.2","364","4"
"Graphic designers","=""27-1024""","Line Item","3.0","0.2","1.1","3.1","0.2","1.1","0.1","4.5","367","4"
"Interior designers","=""27-1025""","Line Item","14.0","0.8","15.2","14.5","0.8","15.1","0.4","3.0","368","4"
"Designers, all other","=""27-1029""","Line Item","0.5","0.0","1.7","0.5","0.0","1.7","0.0","4.1","371","4"
"Entertainers and performers, sports and related workers","=""27-2000""","Summary","0.1","0.0","0.0","0.1","0.0","0.0","0.0","4.7","372","2"
"Actors, producers, and directors","=""27-2010""","Summary","0.1","0.0","0.0","0.1","0.0","0.0","0.0","4.7","373","3"
"Producers and directors","=""27-2012""","Line Item","0.1","0.0","0.0","0.1","0.0","0.0","0.0","4.7","375","4"
"Media and communication workers","=""27-3000""","Summary","5.3","0.3","0.6","5.4","0.3","0.6","0.1","2.6","389","2"
"Public relations specialists","=""27-3031""","Line Item","2.0","0.1","0.6","2.1","0.1","0.6","0.1","5.1","392","3"
"Writers and editors","=""27-3040""","Summary","3.2","0.2","1.0","3.2","0.2","1.0","0.0","1.0","393","3"
"Editors","=""27-3041""","Line Item","0.3","0.0","0.2","0.3","0.0","0.3","0.0","5.5","394","4"
"Technical writers","=""27-3042""","Line Item","2.7","0.2","5.3","2.7","0.2","5.1","0.0","0.1","395","4"
"Writers and authors","=""27-3043""","Line Item","0.3","0.0","0.2","0.3","0.0","0.2","0.0","4.8","396","4"
"Miscellaneous media and communication workers","=""27-3090""","Summary","0.1","0.0","0.1","0.1","0.0","0.1","0.0","5.4","397","3"
"Interpreters and translators","=""27-3091""","Line Item","0.1","0.0","0.1","0.1","0.0","0.1","0.0","5.3","398","4"
"Media and communication equipment workers","=""27-4000""","Summary","0.7","0.0","0.2","0.8","0.0","0.2","0.0","4.2","401","2"
"Broadcast, sound, and lighting technicians","=""27-4010""","Summary","0.3","0.0","0.2","0.3","0.0","0.2","0.0","4.5","402","3"
"Audio and video technicians","=""27-4011""","Line Item","0.3","0.0","0.3","0.3","0.0","0.3","0.0","5.3","403","4"
"Photographers","=""27-4021""","Line Item","0.3","0.0","0.2","0.3","0.0","0.2","0.0","5.2","407","3"
"Television, video, and film camera operators and editors","=""27-4030""","Summary","0.1","0.0","0.1","0.1","0.0","0.1","0.0","1.2","408","3"
"Camera operators, television, video, and film","=""27-4031""","Line Item","0.1","0.0","0.2","0.1","0.0","0.2","0.0","0.2","409","4"
"Healthcare practitioners and technical occupations","=""29-0000""","Summary","3.0","0.2","0.0","3.2","0.2","0.0","0.2","5.1","412","1"
"Healthcare diagnosing or treating practitioners","=""29-1000""","Summary","0.3","0.0","0.0","0.4","0.0","0.0","0.0","5.3","413","2"
"Registered nurses","=""29-1141""","Line Item","0.1","0.0","0.0","0.1","0.0","0.0","0.0","5.5","436","3"
"Health technologists and technicians","=""29-2000""","Summary","2.6","0.2","0.1","2.8","0.2","0.1","0.1","5.1","464","2"
"Clinical laboratory technologists and technicians","=""29-2010""","Line Item","1.9","0.1","0.6","2.0","0.1","0.6","0.1","5.3","465","3"
"Diagnostic related technologists and technicians","=""29-2030""","Summary","0.4","0.0","0.1","0.4","0.0","0.1","0.0","5.3","466","3"
"Radiologic technologists and technicians","=""29-2034""","Line Item","0.4","0.0","0.2","0.4","0.0","0.2","0.0","5.3","470","4"
"Healthcare support occupations","=""31-0000""","Summary","0.5","0.0","0.0","0.5","0.0","0.0","0.0","5.3","497","1"
"Other healthcare support occupations","=""31-9000""","Summary","0.5","0.0","0.0","0.5","0.0","0.0","0.0","5.3","511","2"
"Miscellaneous healthcare support occupations","=""31-9090""","Summary","0.5","0.0","0.0","0.5","0.0","0.0","0.0","5.3","513","3"
"Medical equipment preparers","=""31-9093""","Line Item","0.1","0.0","0.1","0.1","0.0","0.1","0.0","5.3","516","4"
"Phlebotomists","=""31-9097""","Line Item","0.4","0.0","0.3","0.4","0.0","0.3","0.0","5.3","520","4"
"Protective service occupations","=""33-0000""","Summary","1.0","0.1","0.0","1.0","0.1","0.0","0.0","-0.3","522","1"
"Supervisors of protective service workers","=""33-1000""","Summary","0.1","0.0","0.0","0.1","0.0","0.0","0.0","1.8","523","2"
"Miscellaneous first-line supervisors, protective service workers","=""33-1090""","Summary","0.1","0.0","0.1","0.1","0.0","0.1","0.0","1.5","528","3"
"Firefighting and prevention workers","=""33-2000""","Summary","0.2","0.0","0.0","0.2","0.0","0.0","0.0","5.7","531","2"
"Fire inspectors","=""33-2020""","Summary","0.1","0.0","0.7","0.1","0.0","0.7","0.0","5.6","533","3"
"Fire inspectors and investigators","=""33-2021""","Line Item","0.1","0.0","0.8","0.1","0.0","0.8","0.0","5.6","534","4"
"Other protective service workers","=""33-9000""","Summary","0.8","0.0","0.0","0.8","0.0","0.0","0.0","-1.7","546","2"
"Security guards and gambling surveillance officers","=""33-9030""","Summary","0.7","0.0","0.1","0.6","0.0","0.1","0.0","-3.0","549","3"
"Security guards","=""33-9032""","Line Item","0.7","0.0","0.1","0.6","0.0","0.1","0.0","-3.0","551","4"
"Miscellaneous protective service workers","=""33-9090""","Summary","0.1","0.0","0.0","0.1","0.0","0.0","0.0","5.5","552","3"
"Protective service workers, all other","=""33-9099""","Line Item","0.1","0.0","0.1","0.1","0.0","0.1","0.0","5.5","557","4"
"Food preparation and serving related occupations","=""35-0000""","Summary","0.1","0.0","0.0","0.1","0.0","0.0","0.0","5.6","558","1"
"Cooks and food preparation workers","=""35-2000""","Summary","0.1","0.0","0.0","0.1","0.0","0.0","0.0","5.6","562","2"
"Building and grounds cleaning and maintenance occupations","=""37-0000""","Summary","10.3","0.6","0.2","10.7","0.6","0.2","0.4","3.4","581","1"
"Supervisors of building and grounds cleaning and maintenance workers","=""37-1000""","Summary","1.1","0.1","0.2","1.2","0.1","0.2","0.0","3.1","582","2"
"First-line supervisors of housekeeping and janitorial workers","=""37-1011""","Line Item","0.1","0.0","0.0","0.1","0.0","0.0","0.0","5.2","583","3"
"First-line supervisors of landscaping, lawn service, and groundskeeping workers","=""37-1012""","Line Item","1.0","0.1","0.5","1.1","0.1","0.5","0.0","2.9","584","3"
"Building cleaning and pest control workers","=""37-2000""","Summary","1.8","0.1","0.0","1.9","0.1","0.0","0.1","5.3","585","2"
"Building cleaning workers","=""37-2010""","Summary","1.8","0.1","0.0","1.9","0.1","0.1","0.1","5.3","586","3"
"Janitors and cleaners, except maids and housekeeping cleaners","=""37-2011""","Line Item","1.8","0.1","0.1","1.9","0.1","0.1","0.1","5.3","587","4"
"Grounds maintenance workers","=""37-3000""","Summary","7.4","0.4","0.6","7.6","0.4","0.6","0.2","3.0","591","2"
"Landscaping and groundskeeping workers","=""37-3011""","Line Item","7.1","0.4","0.6","7.3","0.4","0.6","0.2","2.9","592","3"
"Pesticide handlers, sprayers, and applicators, vegetation","=""37-3012""","Line Item","0.1","0.0","0.3","0.1","0.0","0.3","0.0","5.8","593","3"
"Tree trimmers and pruners","=""37-3013""","Line Item","0.2","0.0","0.3","0.2","0.0","0.3","0.0","3.3","594","3"
"Personal care and service occupations","=""39-0000""","Summary","0.6","0.0","0.0","0.6","0.0","0.0","0.0","5.5","596","1"
"Animal care and service workers","=""39-2000""","Summary","0.6","0.0","0.1","0.6","0.0","0.1","0.0","5.5","602","2"
"Animal caretakers","=""39-2021""","Line Item","0.1","0.0","0.0","0.2","0.0","0.0","0.0","5.3","604","3"
"Sales and related occupations","=""41-0000""","Summary","17.9","1.1","0.1","18.3","1.1","0.1","0.4","2.3","644","1"
"Supervisors of sales workers","=""41-1000""","Summary","0.7","0.0","0.0","0.8","0.0","0.0","0.0","5.5","645","2"
"First-line supervisors of non-retail sales workers","=""41-1012""","Line Item","0.7","0.0","0.2","0.8","0.0","0.2","0.0","5.5","647","3"
"Retail sales workers","=""41-2000""","Summary","0.3","0.0","0.0","0.3","0.0","0.0","0.0","1.5","648","2"
"Retail salespersons","=""41-2031""","Line Item","0.2","0.0","0.0","0.2","0.0","0.0","0.0","3.2","655","3"
"Sales representatives, services","=""41-3000""","Summary","11.2","0.7","0.5","11.4","0.7","0.5","0.2","2.1","656","2"
"Sales representatives of services, except advertising, insurance, financial services, and travel","=""41-3091""","Line Item","11.1","0.7","0.9","11.3","0.7","0.9","0.2","2.1","661","3"
"Sales representatives, wholesale and manufacturing","=""41-4000""","Summary","3.3","0.2","0.2","3.3","0.2","0.2","0.0","1.2","662","2"
"Sales representatives, wholesale and manufacturing, technical and scientific products","=""41-4011""","Line Item","1.6","0.1","0.5","1.6","0.1","0.5","0.0","0.2","663","3"
"Sales representatives, wholesale and manufacturing, except technical and scientific products","=""41-4012""","Line Item","1.7","0.1","0.1","1.7","0.1","0.1","0.0","2.2","664","3"
"Other sales and related workers","=""41-9000""","Summary","2.4","0.1","0.3","2.5","0.1","0.3","0.1","3.9","665","2"
"Real estate brokers and sales agents","=""41-9020""","Summary","0.6","0.0","0.1","0.7","0.0","0.1","0.0","5.5","669","3"
"Real estate sales agents","=""41-9022""","Line Item","0.6","0.0","0.1","0.7","0.0","0.1","0.0","5.5","671","4"
"Sales engineers","=""41-9031""","Line Item","1.5","0.1","2.5","1.5","0.1","2.4","0.0","3.4","672","3"
"Miscellaneous sales and related workers","=""41-9090""","Summary","0.3","0.0","0.2","0.3","0.0","0.2","0.0","5.2","674","3"
"Sales and related workers, all other","=""41-9099""","Line Item","0.3","0.0","0.2","0.3","0.0","0.2","0.0","5.2","676","4"
"Office and administrative support occupations","=""43-0000""","Summary","137.2","8.3","0.7","132.6","7.6","0.7","-4.6","-3.4","677","1"
"Supervisors of office and administrative support workers","=""43-1000""","Summary","10.6","0.6","0.7","10.0","0.6","0.7","-0.6","-5.3","678","2"
"First-line supervisors of office and administrative support workers","=""43-1011""","Line Item","10.6","0.6","0.7","10.0","0.6","0.7","-0.6","-5.3","679","3"
"Communications equipment operators","=""43-2000""","Summary","0.1","0.0","0.1","0.0","0.0","0.1","0.0","-26.1","680","2"
"Financial clerks","=""43-3000""","Summary","20.5","1.2","0.7","19.3","1.1","0.7","-1.2","-6.0","684","2"
"Bill and account collectors","=""43-3011""","Line Item","0.5","0.0","0.3","0.5","0.0","0.3","0.0","-5.1","685","3"
"Billing and posting clerks","=""43-3021""","Line Item","1.8","0.1","0.4","1.7","0.1","0.4","-0.1","-5.2","686","3"
"Bookkeeping, accounting, and auditing clerks","=""43-3031""","Line Item","16.6","1.0","1.0","15.7","0.9","1.0","-0.9","-5.5","687","3"
"Payroll and timekeeping clerks","=""43-3051""","Line Item","1.0","0.1","0.7","0.9","0.1","0.6","-0.2","-15.8","689","3"
"Procurement clerks","=""43-3061""","Line Item","0.4","0.0","0.6","0.4","0.0","0.6","0.0","-5.1","690","3"
"Financial clerks, all other","=""43-3099""","Line Item","0.1","0.0","0.1","0.1","0.0","0.1","0.0","5.5","692","3"
"Information and record clerks","=""43-4000""","Summary","12.8","0.8","0.2","12.2","0.7","0.2","-0.6","-5.1","693","2"
"Customer service representatives","=""43-4051""","Line Item","6.8","0.4","0.2","6.4","0.4","0.2","-0.3","-5.1","698","3"
"File clerks","=""43-4071""","Line Item","0.6","0.0","0.7","0.5","0.0","0.7","-0.1","-16.0","700","3"
"Interviewers, except eligibility and loan","=""43-4111""","Line Item","0.4","0.0","0.2","0.4","0.0","0.2","0.0","-4.6","702","3"
"Order clerks","=""43-4151""","Line Item","0.3","0.0","0.3","0.3","0.0","0.3","0.0","-15.6","706","3"
"Human resources assistants, except payroll and timekeeping","=""43-4161""","Line Item","0.8","0.0","0.7","0.7","0.0","0.7","0.0","-5.4","707","3"
"Receptionists and information clerks","=""43-4171""","Line Item","3.5","0.2","0.3","3.4","0.2","0.3","-0.1","-3.3","708","3"
"Information and record clerks, all other","=""43-4199""","Line Item","0.4","0.0","0.2","0.4","0.0","0.2","0.0","5.5","710","3"
"Material recording, scheduling, dispatching, and distributing workers","=""43-5000""","Summary","13.8","0.8","0.6","14.0","0.8","0.6","0.2","1.7","711","2"
"Couriers and messengers","=""43-5021""","Line Item","1.8","0.1","0.8","1.9","0.1","0.8","0.1","5.3","713","3"
"Dispatchers","=""43-5030""","Summary","1.3","0.1","0.4","1.3","0.1","0.4","0.0","0.2","714","3"
"Dispatchers, except police, fire, and ambulance","=""43-5032""","Line Item","1.3","0.1","0.6","1.3","0.1","0.6","0.0","0.2","716","4"
"Production, planning, and expediting clerks","=""43-5061""","Line Item","6.6","0.4","1.7","7.0","0.4","1.7","0.3","5.3","722","3"
"Shipping, receiving, and inventory clerks","=""43-5071""","Line Item","3.6","0.2","0.4","3.4","0.2","0.4","-0.2","-5.1","723","3"
"Weighers, measurers, checkers, and samplers, recordkeeping","=""43-5111""","Line Item","0.5","0.0","1.0","0.5","0.0","1.0","0.0","-5.2","724","3"
"Secretaries and administrative assistants","=""43-6000""","Summary","45.1","2.7","1.3","45.0","2.6","1.3","-0.1","-0.2","725","2"
"Executive secretaries and executive administrative assistants","=""43-6011""","Line Item","9.2","0.6","1.8","9.1","0.5","1.8","0.0","-0.2","726","3"
"Secretaries and administrative assistants, except legal, medical, and executive","=""43-6014""","Line Item","35.9","2.2","1.8","35.8","2.1","1.8","0.0","-0.1","729","3"
"Other office and administrative support workers","=""43-9000""","Summary","34.3","2.1","1.0","32.0","1.8","1.0","-2.3","-6.8","730","2"
"Data entry and information processing workers","=""43-9020""","Summary","1.9","0.1","1.0","1.4","0.1","0.9","-0.5","-28.0","731","3"
"Data entry keyers","=""43-9021""","Line Item","1.6","0.1","1.0","1.2","0.1","1.0","-0.4","-26.2","732","4"
"Word processors and typists","=""43-9022""","Line Item","0.3","0.0","0.8","0.2","0.0","0.8","-0.1","-36.7","733","4"
"Desktop publishers","=""43-9031""","Line Item","0.1","0.0","0.8","0.0","0.0","0.8","0.0","-11.3","734","3"
"Office clerks, general","=""43-9061""","Line Item","31.0","1.9","1.2","29.3","1.7","1.2","-1.7","-5.4","737","3"
"Office machine operators, except computer","=""43-9071""","Line Item","0.1","0.0","0.5","0.1","0.0","0.5","0.0","-15.6","738","3"
"Office and administrative support workers, all other","=""43-9199""","Line Item","1.1","0.1","0.5","1.0","0.1","0.5","-0.1","-7.6","741","3"
"Farming, fishing, and forestry occupations","=""45-0000""","Summary","0.4","0.0","0.0","0.4","0.0","0.0","0.0","-1.0","742","1"
"Agricultural workers","=""45-2000""","Summary","0.3","0.0","0.0","0.3","0.0","0.0","0.0","0.6","745","2"
"Agricultural inspectors","=""45-2011""","Line Item","0.1","0.0","0.6","0.1","0.0","0.6","0.0","5.3","746","3"
"Graders and sorters, agricultural products","=""45-2041""","Line Item","0.1","0.0","0.3","0.1","0.0","0.3","0.0","-5.3","748","3"
"Miscellaneous agricultural workers","=""45-2090""","Summary","0.1","0.0","0.0","0.1","0.0","0.0","0.0","2.6","749","3"
"Agricultural workers, all other","=""45-2099""","Line Item","0.1","0.0","0.6","0.1","0.0","0.6","0.0","5.5","753","4"
"Construction and extraction occupations","=""47-0000""","Summary","68.5","4.1","0.9","70.0","4.0","0.9","1.5","2.3","763","1"
"Supervisors of construction and extraction workers","=""47-1000""","Summary","7.0","0.4","0.8","7.4","0.4","0.8","0.4","5.3","764","2"
"First-line supervisors of construction trades and extraction workers","=""47-1011""","Line Item","7.0","0.4","0.8","7.4","0.4","0.8","0.4","5.3","765","3"
"Construction trades workers","=""47-2000""","Summary","16.2","1.0","0.3","17.0","1.0","0.3","0.8","4.8","766","2"
"Boilermakers","=""47-2011""","Line Item","0.3","0.0","2.5","0.3","0.0","2.7","0.0","5.5","767","3"
"Carpenters","=""47-2031""","Line Item","0.9","0.1","0.1","1.0","0.1","0.1","0.0","4.6","771","3"
"Cement masons, concrete finishers, and terrazzo workers","=""47-2050""","Summary","0.7","0.0","0.3","0.7","0.0","0.3","0.0","-6.2","777","3"
"Cement masons and concrete finishers","=""47-2051""","Line Item","0.7","0.0","0.3","0.7","0.0","0.3","0.0","-6.2","778","4"
"Construction laborers","=""47-2061""","Line Item","6.1","0.4","0.4","6.4","0.4","0.4","0.3","5.1","780","3"
"Construction equipment operators","=""47-2070""","Summary","1.6","0.1","0.3","1.7","0.1","0.3","0.1","5.5","781","3"
"Operating engineers and other construction equipment operators","=""47-2073""","Line Item","1.5","0.1","0.3","1.6","0.1","0.3","0.1","5.5","784","4"
"Electricians","=""47-2111""","Line Item","4.1","0.2","0.5","4.3","0.2","0.5","0.2","5.5","788","3"
"Insulation workers","=""47-2130""","Summary","0.1","0.0","0.2","0.1","0.0","0.2","0.0","5.9","790","3"
"Insulation workers, mechanical","=""47-2132""","Line Item","0.1","0.0","0.3","0.1","0.0","0.3","0.0","5.8","792","4"
"Painters and paperhangers","=""47-2140""","Summary","0.3","0.0","0.1","0.3","0.0","0.1","0.0","5.4","793","3"
"Painters, construction and maintenance","=""47-2141""","Line Item","0.3","0.0","0.1","0.3","0.0","0.1","0.0","5.4","794","4"
"Pipelayers, plumbers, pipefitters, and steamfitters","=""47-2150""","Summary","1.5","0.1","0.3","1.6","0.1","0.3","0.1","5.5","796","3"
"Plumbers, pipefitters, and steamfitters","=""47-2152""","Line Item","1.2","0.1","0.3","1.3","0.1","0.3","0.1","5.5","798","4"
"Structural iron and steel workers","=""47-2221""","Line Item","0.1","0.0","0.2","0.2","0.0","0.2","0.0","5.6","803","3"
"Solar photovoltaic installers","=""47-2231""","Line Item","0.1","0.0","0.4","0.1","0.0","0.3","0.0","5.5","804","3"
"Helpers, construction trades","=""47-3000""","Summary","0.8","0.1","0.4","0.9","0.1","0.4","0.0","5.6","805","2"
"Helpers--electricians","=""47-3013""","Line Item","0.5","0.0","0.8","0.6","0.0","0.8","0.0","5.5","808","3"
"Other construction and related workers","=""47-4000""","Summary","42.2","2.5","8.8","42.4","2.4","8.6","0.2","0.5","813","2"
"Construction and building inspectors","=""47-4011""","Line Item","40.8","2.5","28.6","41.0","2.4","28.7","0.1","0.4","814","3"
"Hazardous materials removal workers","=""47-4041""","Line Item","0.9","0.1","1.8","0.9","0.1","1.8","0.0","5.5","817","3"
"Miscellaneous construction and related workers","=""47-4090""","Line Item","0.2","0.0","0.7","0.2","0.0","0.7","0.0","5.6","821","3"
"Extraction workers","=""47-5000""","Summary","2.3","0.1","1.0","2.4","0.1","1.1","0.1","5.5","822","2"
"Derrick, rotary drill, and service unit operators, oil and gas","=""47-5010""","Summary","0.4","0.0","0.5","0.4","0.0","0.5","0.0","5.6","823","3"
"Rotary drill operators, oil and gas","=""47-5012""","Line Item","0.2","0.0","1.5","0.2","0.0","1.5","0.0","5.5","825","4"
"Service unit operators, oil and gas","=""47-5013""","Line Item","0.1","0.0","0.3","0.1","0.0","0.3","0.0","5.7","826","4"
"Surface mining machine operators and earth drillers","=""47-5020""","Summary","1.4","0.1","2.7","1.5","0.1","2.8","0.1","5.4","827","3"
"Earth drillers, except oil and gas","=""47-5023""","Line Item","1.2","0.1","6.2","1.2","0.1","6.3","0.1","5.4","829","4"
"Explosives workers, ordnance handling experts, and blasters","=""47-5032""","Line Item","0.1","0.0","2.2","0.1","0.0","2.3","0.0","5.5","830","3"
"Roustabouts, oil and gas","=""47-5071""","Line Item","0.1","0.0","0.2","0.1","0.0","0.2","0.0","5.5","837","3"
"Helpers--extraction workers","=""47-5081""","Line Item","0.3","0.0","3.5","0.3","0.0","3.7","0.0","5.4","838","3"
"Installation, maintenance, and repair occupations","=""49-0000""","Summary","22.5","1.4","0.3","23.7","1.4","0.3","1.2","5.2","840","1"
"Supervisors of installation, maintenance, and repair workers","=""49-1000""","Summary","1.9","0.1","0.3","2.0","0.1","0.3","0.1","5.5","841","2"
"First-line supervisors of mechanics, installers, and repairers","=""49-1011""","Line Item","1.9","0.1","0.3","2.0","0.1","0.3","0.1","5.5","842","3"
"Electrical and electronic equipment mechanics, installers, and repairers","=""49-2000""","Summary","5.2","0.3","1.0","5.4","0.3","1.0","0.2","4.6","843","2"
"Radio and telecommunications equipment installers and repairers","=""49-2020""","Summary","1.0","0.1","0.6","1.1","0.1","0.6","0.1","5.5","845","3"
"Radio, cellular, and tower equipment installers and repairers","=""49-2021""","Line Item","0.5","0.0","3.8","0.5","0.0","3.7","0.0","5.5","846","4"
"Telecommunications equipment installers and repairers, except line installers","=""49-2022""","Line Item","0.6","0.0","0.3","0.6","0.0","0.4","0.0","5.5","847","4"
"Miscellaneous electrical and electronic equipment mechanics, installers, and repairers","=""49-2090""","Summary","4.1","0.2","1.6","4.3","0.2","1.6","0.2","4.3","848","3"
"Avionics technicians","=""49-2091""","Line Item","1.3","0.1","6.1","1.4","0.1","6.0","0.1","5.5","849","4"
"Electrical and electronics repairers, commercial and industrial equipment","=""49-2094""","Line Item","1.5","0.1","2.6","1.6","0.1","2.6","0.0","2.4","852","4"
"Electrical and electronics repairers, powerhouse, substation, and relay","=""49-2095""","Line Item","1.1","0.1","4.3","1.1","0.1","4.5","0.1","5.5","853","4"
"Vehicle and mobile equipment mechanics, installers, and repairers","=""49-3000""","Summary","3.2","0.2","0.2","3.4","0.2","0.2","0.2","5.5","857","2"
"Aircraft mechanics and service technicians","=""49-3011""","Line Item","1.5","0.1","1.1","1.6","0.1","1.1","0.1","5.5","858","3"
"Automotive technicians and repairers","=""49-3020""","Summary","0.7","0.0","0.1","0.8","0.0","0.1","0.0","5.5","859","3"
"Automotive service technicians and mechanics","=""49-3023""","Line Item","0.7","0.0","0.1","0.7","0.0","0.1","0.0","5.5","862","4"
"Bus and truck mechanics and diesel engine specialists","=""49-3031""","Line Item","0.2","0.0","0.1","0.2","0.0","0.1","0.0","5.5","863","3"
"Heavy vehicle and mobile equipment service technicians and mechanics","=""49-3040""","Summary","0.5","0.0","0.2","0.6","0.0","0.2","0.0","5.5","864","3"
"Mobile heavy equipment mechanics, except engines","=""49-3042""","Line Item","0.5","0.0","0.3","0.6","0.0","0.3","0.0","5.5","866","4"
"Other installation, maintenance, and repair occupations","=""49-9000""","Summary","12.2","0.7","0.4","12.8","0.7","0.3","0.7","5.4","876","2"
"Heating, air conditioning, and refrigeration mechanics and installers","=""49-9021""","Line Item","1.2","0.1","0.3","1.2","0.1","0.3","0.1","5.5","880","3"
"Industrial machinery installation, repair, and maintenance workers","=""49-9040""","Summary","2.9","0.2","0.5","3.0","0.2","0.5","0.2","5.5","882","3"
"Industrial machinery mechanics","=""49-9041""","Line Item","2.2","0.1","0.5","2.3","0.1","0.5","0.1","5.5","883","4"
"Maintenance workers, machinery","=""49-9043""","Line Item","0.4","0.0","0.6","0.4","0.0","0.6","0.0","5.5","884","4"
"Millwrights","=""49-9044""","Line Item","0.3","0.0","0.8","0.4","0.0","0.8","0.0","5.5","885","4"
"Line installers and repairers","=""49-9050""","Summary","1.2","0.1","0.5","1.2","0.1","0.5","0.1","5.6","887","3"
"Telecommunications line installers and repairers","=""49-9052""","Line Item","0.8","0.0","0.8","0.9","0.1","0.9","0.0","5.5","889","4"
"Precision instrument and equipment repairers","=""49-9060""","Summary","0.5","0.0","0.6","0.5","0.0","0.5","0.0","5.4","890","3"
"Precision instrument and equipment repairers, all other","=""49-9069""","Line Item","0.4","0.0","3.6","0.4","0.0","3.6","0.0","5.4","895","4"
"Maintenance and repair workers, general","=""49-9071""","Line Item","4.0","0.2","0.2","4.2","0.2","0.2","0.2","5.3","896","3"
"Wind turbine service technicians","=""49-9081""","Line Item","0.1","0.0","0.6","0.1","0.0","0.4","0.0","5.4","897","3"
"Miscellaneous installation, maintenance, and repair workers","=""49-9090""","Summary","2.3","0.1","0.6","2.4","0.1","0.6","0.1","5.3","898","3"
"Commercial divers","=""49-9092""","Line Item","0.1","0.0","1.7","0.1","0.0","1.6","0.0","5.6","900","4"
"Helpers--installation, maintenance, and repair workers","=""49-9098""","Line Item","0.5","0.0","0.5","0.6","0.0","0.5","0.0","5.5","905","4"
"Installation, maintenance, and repair workers, all other","=""49-9099""","Line Item","1.4","0.1","0.7","1.5","0.1","0.7","0.1","5.3","906","4"
"Production occupations","=""51-0000""","Summary","59.4","3.6","0.7","60.9","3.5","0.7","1.5","2.5","907","1"
"Supervisors of production workers","=""51-1000""","Summary","4.8","0.3","0.7","5.0","0.3","0.7","0.3","5.4","908","2"
"First-line supervisors of production and operating workers","=""51-1011""","Line Item","4.8","0.3","0.7","5.0","0.3","0.7","0.3","5.4","909","3"
"Assemblers and fabricators","=""51-2000""","Summary","10.7","0.6","0.5","11.0","0.6","0.6","0.3","2.7","910","2"
"Aircraft structure, surfaces, rigging, and systems assemblers","=""51-2011""","Line Item","0.5","0.0","1.6","0.4","0.0","1.6","-0.1","-15.6","911","3"
"Electrical, electronics, and electromechanical assemblers","=""51-2020""","Summary","5.3","0.3","1.9","5.6","0.3","1.9","0.3","5.5","912","3"
"Electrical, electronic, and electromechanical assemblers, except coil winders, tapers, and finishers","=""51-2028""","Line Item","5.3","0.3","2.0","5.6","0.3","1.9","0.3","5.5","914","4"
"Engine and other machine assemblers","=""51-2031""","Line Item","0.9","0.1","1.8","0.8","0.0","2.1","0.0","-5.0","915","3"
"Structural metal fabricators and fitters","=""51-2041""","Line Item","0.3","0.0","0.5","0.2","0.0","0.5","0.0","-15.5","916","3"
"Miscellaneous assemblers and fabricators","=""51-2090""","Line Item","3.7","0.2","0.2","3.8","0.2","0.3","0.2","4.3","919","3"
"Metal workers and plastic workers","=""51-4000""","Summary","7.6","0.5","0.5","7.9","0.5","0.5","0.2","3.2","931","2"
"Machine tool cutting setters, operators, and tenders, metal and plastic","=""51-4030""","Summary","0.7","0.0","0.2","0.6","0.0","0.2","-0.1","-7.7","936","3"
"Cutting, punching, and press machine setters, operators, and tenders, metal and plastic","=""51-4031""","Line Item","0.1","0.0","0.1","0.1","0.0","0.1","0.0","-5.1","937","4"
"Drilling and boring machine tool setters, operators, and tenders, metal and plastic","=""51-4032""","Line Item","0.1","0.0","2.4","0.1","0.0","2.5","0.0","-15.7","938","4"
"Grinding, lapping, polishing, and buffing machine tool setters, operators, and tenders, metal and plastic","=""51-4033""","Line Item","0.4","0.0","0.5","0.3","0.0","0.5","0.0","-5.0","939","4"
"Machinists","=""51-4041""","Line Item","2.8","0.2","1.0","3.0","0.2","1.0","0.2","5.5","942","3"
"Model makers and patternmakers, metal and plastic","=""51-4060""","Summary","0.3","0.0","5.0","0.2","0.0","5.3","0.0","-15.6","946","3"
"Model makers, metal and plastic","=""51-4061""","Line Item","0.3","0.0","8.8","0.2","0.0","9.1","0.0","-15.6","947","4"
"Molders and molding machine setters, operators, and tenders, metal and plastic","=""51-4070""","Summary","0.3","0.0","0.2","0.3","0.0","0.2","0.0","0.0","949","3"
"Molding, coremaking, and casting machine setters, operators, and tenders, metal and plastic","=""51-4072""","Line Item","0.3","0.0","0.2","0.3","0.0","0.2","0.0","0.3","951","4"
"Multiple machine tool setters, operators, and tenders, metal and plastic","=""51-4081""","Line Item","0.1","0.0","0.1","0.1","0.0","0.1","0.0","5.5","952","3"
"Tool and die makers","=""51-4111""","Line Item","0.4","0.0","0.6","0.4","0.0","0.7","0.0","5.5","953","3"
"Welding, soldering, and brazing workers","=""51-4120""","Summary","3.1","0.2","0.6","3.2","0.2","0.7","0.2","4.9","954","3"
"Welders, cutters, solderers, and brazers","=""51-4121""","Line Item","2.9","0.2","0.6","3.1","0.2","0.7","0.2","5.6","955","4"
"Printing workers","=""51-5100""","Summary","0.2","0.0","0.1","0.2","0.0","0.1","0.0","5.7","963","2"
"Printing press operators","=""51-5112""","Line Item","0.1","0.0","0.1","0.1","0.0","0.1","0.0","5.5","965","3"
"Woodworkers","=""51-7000""","Summary","0.1","0.0","0.0","0.1","0.0","0.0","0.0","3.6","987","2"
"Plant and system operators","=""51-8000""","Summary","1.6","0.1","0.6","1.6","0.1","0.6","0.0","-0.8","997","2"
"Power plant operators, distributors, and dispatchers","=""51-8010""","Summary","0.3","0.0","0.7","0.3","0.0","0.8","0.0","0.3","998","3"
"Power plant operators","=""51-8013""","Line Item","0.3","0.0","1.0","0.3","0.0","1.1","0.0","0.2","1001","4"
"Stationary engineers and boiler operators","=""51-8021""","Line Item","0.2","0.0","0.5","0.2","0.0","0.5","0.0","5.5","1002","3"
"Water and wastewater treatment plant and system operators","=""51-8031""","Line Item","0.8","0.0","0.6","0.8","0.0","0.7","0.0","-5.0","1003","3"
"Miscellaneous plant and system operators","=""51-8090""","Summary","0.3","0.0","0.4","0.3","0.0","0.4","0.0","5.5","1004","3"
"Plant and system operators, all other","=""51-8099""","Line Item","0.2","0.0","1.6","0.3","0.0","1.6","0.0","5.5","1008","4"
"Other production occupations","=""51-9000""","Summary","34.4","2.1","1.3","35.1","2.0","1.3","0.7","2.0","1009","2"
"Chemical processing machine setters, operators, and tenders","=""51-9010""","Summary","0.2","0.0","0.1","0.2","0.0","0.1","0.0","5.3","1010","3"
"Chemical equipment operators and tenders","=""51-9011""","Line Item","0.2","0.0","0.1","0.2","0.0","0.2","0.0","5.3","1011","4"
"Crushing, grinding, polishing, mixing, and blending workers","=""51-9020""","Summary","0.2","0.0","0.1","0.2","0.0","0.1","0.0","3.3","1013","3"
"Crushing, grinding, and polishing machine setters, operators, and tenders","=""51-9021""","Line Item","0.1","0.0","0.3","0.1","0.0","0.3","0.0","0.2","1014","4"
"Mixing and blending machine setters, operators, and tenders","=""51-9023""","Line Item","0.1","0.0","0.1","0.1","0.0","0.1","0.0","5.5","1016","4"
"Inspectors, testers, sorters, samplers, and weighers","=""51-9061""","Line Item","30.4","1.8","5.1","30.9","1.8","5.4","0.5","1.8","1022","3"
"Packaging and filling machine operators and tenders","=""51-9111""","Line Item","0.1","0.0","0.0","0.1","0.0","0.0","0.0","5.4","1028","3"
"Painting workers","=""51-9120""","Summary","0.6","0.0","0.3","0.6","0.0","0.3","0.0","5.5","1029","3"
"Coating, painting, and spraying machine setters, operators, and tenders","=""51-9124""","Line Item","0.5","0.0","0.3","0.6","0.0","0.3","0.0","5.5","1031","4"
"Computer numerically controlled tool operators and programmers","=""51-9160""","Summary","0.9","0.1","0.4","0.9","0.1","0.4","0.0","5.5","1034","3"
"Computer numerically controlled tool operators","=""51-9161""","Line Item","0.5","0.0","0.3","0.5","0.0","0.3","0.0","-5.0","1035","4"
"Computer numerically controlled tool programmers","=""51-9162""","Line Item","0.4","0.0","1.3","0.4","0.0","1.4","0.1","19.3","1036","4"
"Miscellaneous production workers","=""51-9190""","Summary","1.5","0.1","0.2","1.5","0.1","0.2","0.0","1.5","1037","3"
"Helpers--production workers","=""51-9198""","Line Item","0.6","0.0","0.3","0.5","0.0","0.3","0.0","-5.1","1045","4"
"Production workers, all other","=""51-9199""","Line Item","0.5","0.0","0.2","0.5","0.0","0.2","0.0","5.5","1046","4"
"Transportation and material moving occupations","=""53-0000""","Summary","11.2","0.7","0.1","11.8","0.7","0.1","0.6","5.1","1047","1"
"Supervisors of transportation and material moving workers","=""53-1000""","Summary","0.7","0.0","0.1","0.8","0.0","0.1","0.0","5.5","1048","2"
"First-line supervisors of transportation and material moving workers, except aircraft cargo handling supervisors","=""53-1047""","Line Item","0.7","0.0","0.1","0.8","0.0","0.1","0.0","5.5","1050","3"
"Air transportation workers","=""53-2000""","Summary","0.6","0.0","0.2","0.7","0.0","0.2","0.0","5.6","1051","2"
"Aircraft pilots and flight engineers","=""53-2010""","Summary","0.5","0.0","0.3","0.6","0.0","0.3","0.0","5.6","1052","3"
"Commercial pilots","=""53-2012""","Line Item","0.5","0.0","0.9","0.6","0.0","0.9","0.0","5.6","1054","4"
"Motor vehicle operators","=""53-3000""","Summary","3.3","0.2","0.1","3.4","0.2","0.1","0.2","5.3","1059","2"
"Driver/sales workers and truck drivers","=""53-3030""","Summary","2.2","0.1","0.1","2.3","0.1","0.1","0.1","5.3","1061","3"
"Heavy and tractor-trailer truck drivers","=""53-3032""","Line Item","0.9","0.1","0.0","0.9","0.1","0.0","0.0","5.4","1063","4"
"Light truck drivers","=""53-3033""","Line Item","1.3","0.1","0.1","1.4","0.1","0.1","0.1","5.2","1064","4"
"Passenger vehicle drivers","=""53-3050""","Summary","0.1","0.0","0.0","0.1","0.0","0.0","0.0","5.6","1065","3"
"Motor vehicle operators, all other","=""53-3099""","Line Item","1.0","0.1","1.2","1.1","0.1","1.2","0.1","5.3","1070","3"
"Water transportation workers","=""53-5000""","Summary","0.4","0.0","0.4","0.4","0.0","0.4","0.0","5.7","1079","2"
"Ship and boat captains and operators","=""53-5020""","Summary","0.2","0.0","0.4","0.2","0.0","0.4","0.0","5.6","1081","3"
"Captains, mates, and pilots of water vessels","=""53-5021""","Line Item","0.2","0.0","0.4","0.2","0.0","0.4","0.0","5.6","1082","4"
"Other transportation workers","=""53-6000""","Summary","1.0","0.1","0.3","1.1","0.1","0.3","0.1","5.5","1085","2"
"Traffic technicians","=""53-6041""","Line Item","0.4","0.0","5.2","0.4","0.0","5.2","0.0","5.6","1091","3"
"Transportation inspectors","=""53-6051""","Line Item","0.6","0.0","1.9","0.6","0.0","1.9","0.0","5.5","1092","3"
"Material moving workers","=""53-7000""","Summary","5.2","0.3","0.1","5.5","0.3","0.1","0.2","4.6","1095","2"
"Industrial truck and tractor operators","=""53-7051""","Line Item","0.5","0.0","0.1","0.5","0.0","0.1","0.0","5.5","1100","3"
"Laborers and material movers","=""53-7060""","Summary","4.7","0.3","0.1","4.9","0.3","0.1","0.2","4.5","1101","3"
"Cleaners of vehicles and equipment","=""53-7061""","Line Item","0.5","0.0","0.1","0.5","0.0","0.1","0.0","5.5","1102","4"
"Laborers and freight, stock, and material movers, hand","=""53-7062""","Line Item","2.7","0.2","0.1","2.9","0.2","0.1","0.1","5.5","1103","4"
"Machine feeders and offbearers","=""53-7063""","Line Item","0.3","0.0","0.6","0.2","0.0","0.6","0.0","-10.3","1104","4"
"Packers and packagers, hand","=""53-7064""","Line Item","0.1","0.0","0.0","0.1","0.0","0.0","0.0","5.4","1105","4"
"Stockers and order fillers","=""53-7065""","Line Item","1.1","0.1","0.0","1.2","0.1","0.0","0.1","5.4","1106","4"
